favorite_count,tweet_id,retweet_count
39467,892420643555336193,8853
33819,892177421306343426,6514
25461,891815181378084864,4328
42908,891689557279858688,8964
41048,891327558926688256,9774
20562,891087950875897856,3261
12041,890971913173991426,2158
56848,890729181411237888,16716
28226,890609185150312448,4429
32467,890240255349198849,7711
31166,890006608113172480,7624
28268,889880896479866881,5156
38818,889665388333682689,8538
27672,889638837579907072,4735
15359,889531135344209921,2321
25652,889278841981685760,5637
29611,888917238123831296,4709
26080,888804989199671297,4559
20290,888554962724278272,3732
22201,888078434458587136,3653
30779,887705289381826560,5609
46959,887517139158093824,12082
69871,887473957103951883,18781
34222,887343217045368832,10737
31061,887101392804085760,6167
35859,886983233522544640,8084
12306,886736880519319552,3443
22798,886680336477933568,4610
21524,886366144734445568,3316
117,886267009285017600,4
28469,886258384151887873,6523
33382,885984800019947520,7097
36689,885528943205470208,6683
20788,885518971528720385,3899
22367,885167619883638784,4556
68152,884925521741709313,16439
28514,884876753390489601,6096
24765,884562892145688576,5100
27478,884441805382717440,5856
74423,884247878851493888,21298
20771,884162670584377345,3128
22349,883838122936631299,3586
46860,883482846933004288,10407
22986,883360690899218434,3825
37914,883117836046086144,6949
24445,882992080364220416,4122
28903,882762694511734784,5134
28382,882627270321602560,6342
45880,882268110199369728,12118
29900,882045870035918850,5203
24773,881906580714921986,3533
51522,881666595344535552,11099
129,881633300179243008,7
50199,881536004380872706,16570
23501,881268444196462592,5358
17346,880935762899988482,2886
21734,880872448815771648,3989
29075,880465832366813184,6546
27640,880221127280381952,4436
28150,880095782870896641,4533
22667,879862464715927552,3642
315,879674319642796034,10
23822,879492040517615616,3323
107956,879415818425184262,45849
17099,879376492567855104,3261
23022,879050749262655488,4941
19317,879008229531029506,2812
19763,878776093423087618,4319
30931,878604707211726852,7582
7913,878281511006478336,1349
42876,878057613040115712,7181
71144,877736472329191424,17300
23258,877556246731214848,3994
27907,877316821321428993,5414
27755,877201837425926144,5880
21125,876838120628539392,3506
23869,876537666061221889,4800
19163,876484053909872640,2511
28490,876120275196170240,4903
25773,875747767867523072,4497
22185,875144289856114688,5081
27997,875097192612077568,6342
26022,875021211251597312,4922
28439,874680097055178752,4875
26651,874296783580663808,4308
23134,874057562936811520,4125
35501,874012996292530176,11007
24837,873580283840344065,4143
7467,873213775632977920,1667
28031,872967104147763200,5669
15029,872820683541237760,3884
21309,872620804844003328,3911
41606,872486979161796608,9429
35085,872261713294495745,6649
35324,872122724285648897,8549
39090,871879754684805121,11918
20787,871762521631449091,3678
20730,871515927908634625,3628
21461,871102520638267392,5764
23255,871032628920680449,3999
33791,870804317367881728,6393
121,870726314365509632,3
12819,870656317836468226,2817
85011,870374049280663552,27680
22453,870308999962521604,4384
37771,870063196459192321,8840
43710,869772420881756160,10663
29116,869702957897576449,6728
16476,869596645499047938,3327
21112,869227993411051520,4023
55098,868880397819494401,12518
28295,868622495443632128,6275
10539,868552278524837888,2240
24964,867900495410671616,4439
35179,867774946302451713,7788
16755,867421006826221569,2697
33420,867051520902168576,8425
20888,866720684873056260,5168
20070,866686824827068416,3727
106827,866450705531457537,32883
54720,866334964761202691,15546
26640,865718153858494464,6008
27530,865359393868664832,5384
29063,865006731092295680,8209
33651,864873206498414592,9361
15195,864279568663928832,3266
31459,864197398364647424,9616
21477,863907417377173506,4441
15935,863553081350529029,4489
24829,863432100342583297,5664
2363,863427515083354112,105
9094,863079547188785154,1195
8945,863062471531167744,2687
20011,862831371563274240,5457
17779,862722525377298433,3809
21492,862457590147678208,5388
66437,862096992088072192,21840
37744,861383897657036800,11528
18032,861288531465048066,4479
17538,861005113778896900,4119
7878,860563773140209665,2334
24678,860524505164394496,5698
19154,860276583193509888,3745
17474,860184849394610176,6295
20021,859924526012018688,4349
16105,859851578198683649,3780
19476,859607811541651456,1704
75193,859196978902773760,25661
35553,859074603037188101,14740
16304,858843525470990336,3771
22640,858471635011153920,5271
16524,858107933456039936,3154
16952,857989990357356544,2812
36021,857746408056729600,11524
6236,857393404942143489,1785
21041,857263160327368704,4934
242,857214891891077121,20
19910,857029823797047296,4364
17135,856543823941562368,3131
12446,856526610513747968,2068
545,856288084350160898,17
29086,856282028240666624,6841
320,855862651834028034,27
4407,855860136149123072,1058
12498,855857698524602368,2313
47844,855851453814013952,19196
28056,855818117272018944,5943
31657,855459453768019968,8987
24188,854732716440526848,6690
31131,854482394044301312,7608
20046,854365224396361728,5159
33911,854120357044912130,8285
17169,854010172552949760,3433
30414,853760880890318849,6403
37198,853639147608842240,11265
16508,853299958564483072,3928
9658,852912242202992640,2037
15939,852672615818899456,2388
17492,852553447878664193,3885
35325,852311364735569921,10961
21378,852226086759018497,7570
12217,852189679701164033,1741
17300,851591660324737024,3819
25944,851464819735769094,7855
22090,851224888060895234,6350
33348,850753642995093505,10352
13994,850380195714523136,2915
3647,850333567704068097,367
17519,850145622816686080,4244
21944,850019790995546112,5459
32390,849776966551130114,8404
17039,849412302885593088,3487
12240,849336543269576704,2101
32617,849051919805034497,7396
27104,848690551926992896,4826
20229,848324959059550208,4037
8834,848213670039564288,832
17618,848212111729840128,3444
25296,847962785489326080,5730
5935,847842811428974592,1522
7558,847617282490613760,468
20208,847606175596138505,3774
22036,847251039262605312,4800
21588,847157206088847362,6572
23108,847116187444137987,3583
21685,846874817362120707,4404
48410,846514051647705089,13076
15304,846505985330044928,3492
34394,846153765933735936,10226
33188,846139713627017216,10972
17256,846042936437604353,3224
31737,845812042753855489,9894
27154,845677943972139009,5365
8241,845397057150107648,2072
25225,845306882940190720,6039
14738,844979544864018432,2909
16361,844973813909606400,3617
42022,844704788403113984,11633
17871,844580511645339650,3533
14753,844223788422217728,2450
16327,843981021012017153,3285
23211,843856843873095681,5220
18310,843604394117681152,3081
23315,843235543001513987,6852
16440,842846295480000512,4023
7321,842765311967449089,1439
19637,842535590457499648,3937
26569,842163532590374912,6568
15204,842115215311396866,3386
27854,841680585030541313,8748
13755,841439858740625411,4168
21402,841320156043304961,6080
17305,841314665196081154,5312
24926,841077006473256960,5991
197,840698636975636481,3
13377,840696689258311684,1116
9761,840632337062862849,1972
17918,840370681858686976,5146
20950,840268004936019968,6497
14640,839990271299457024,2597
29957,839549326359670784,8805
29684,839239871831150596,7422
21289,838952994649550848,4505
12183,838921590096166913,2357
11892,838561493054533637,1504
24664,838476387338051585,5484
1824,838150277551247360,370
150,838085839343206401,0
19183,838083903487373313,3582
37277,837820167694528512,8952
4204,837482249356513284,495
13967,837471256429613056,2631
23074,837366284874571778,6005
17480,837110210464448512,2731
13879,836989968035819520,2610
21029,836753516572119041,5237
13782,836677758902222849,2522
16037,836380477523124226,3337
23177,836260088725786625,4850
20924,836001077879255040,4935
19447,835574547218894849,4121
17847,835297930240217089,3381
8503,835264098648616962,1939
2259,835246439529840640,83
28552,835172783151792128,6516
24574,835152434251116546,3443
11838,834931633769889797,1878
22943,834786237630337024,6159
14993,834574053763584002,2882
10512,834458053273591808,1899
22594,834209720923721728,5476
17194,834167344700198914,4130
10971,834089966724603904,2427
14296,834086379323871233,2512
14661,833863086058651648,2729
16728,833826103416520705,3904
22585,833722901757046785,3636
16258,833479644947025920,2357
22133,833124694597443584,5513
14549,832998151111966721,2522
18423,832757312314028032,4127
13017,832682457690300417,3368
3195,832645525019123713,594
17379,832636094638288896,3220
13126,832397543355072512,2548
18792,832369877331693569,3652
12385,832273440279240704,2673
72,832088576586297345,3
13887,832032802820481025,4746
26404,831939777352105988,7031
369,831926988323639298,39
30380,831911600680497154,7458
11469,831670449226514432,2059
7908,831650051525054464,2243
9872,831552930092285952,2632
10042,831322785565769729,1744
7117,831315979191906304,1264
12819,831309418084069378,2786
13066,831262627380748289,2350
8735,830956169170665475,1735
73397,830583320585068544,19297
10804,830097400375152640,3455
13441,829861396166877184,2243
34913,829501995190984704,12224
11519,829449946868879360,2329
38074,829374341691346946,10706
26952,829141528400556032,8530
58302,829011960981237760,18627
28085,828770345708580865,6746
40241,828708714936930305,12882
10467,828650029636317184,1544
6898,828409743546925057,1305
8398,828408677031882754,1477
13864,828381636999917570,2554
8112,828376505180889089,1216
13756,828372645993398273,3344
2408,828361771580813312,195
12923,828046555563323392,3260
11411,828011680017821696,2451
22180,827933404142436356,5987
16983,827653905312006145,3433
8143,827600520311402496,1082
17523,827324948884643840,3510
11659,827199976799354881,2579
23767,826958653328592898,5757
40325,826848821049180160,11878
5637,826598799820865537,292
11117,826598365270007810,2709
20275,826476773533745153,4821
14614,826240494070030336,2965
5361,826204788643753985,1075
17299,826115272272650244,3599
11525,825876512159186944,2146
14025,825829644528148480,2848
56413,825535076884762624,19669
20181,825147591692263424,5244
7020,825026590719483904,1483
16508,824775126675836928,4069
11113,824663926340194305,1993
12999,824325613288833024,11848
16625,824297048279236611,4463
5255,824025158776213504,679
11755,823939628516474880,3123
13826,823699002998870016,2772
14376,823581115634085888,3031
777,823333489516937216,31
17437,823322678127919110,4637
19139,822975315408461824,3958
132810,822872901745569793,48265
14576,822859134160621569,2622
16327,822610361945911296,3423
20083,822489057087389700,7390
31800,822462944365645825,17209
38832,822244816520155136,11421
12582,821886076407029760,2692
9317,821765923262631936,1899
8871,821522889702862852,2030
13075,821407182352777218,5053
280,821153421864615936,10
9718,821149554670182400,2320
10645,821107785811234820,2487
14021,821044531881721856,2636
34984,820749716845686786,11525
13518,820690176645140481,3716
3706,820314633777061888,648
21979,820078625395449857,7246
5927,819952236453363712,1369
14305,819924195358416896,5607
14916,819711362133872643,3604
10606,819588359383371776,2271
8008,819347104292290561,1383
2550,819238181065359361,462
25652,819227688460238848,7733
49960,819006400881917954,21794
95450,819004803107983360,42228
24597,818627210458333184,8564
10971,818614493328580609,2982
12127,818536468981415936,2873
12197,818259473185828864,2621
13671,818145370475810820,3014
5356,817908911860748288,906
57622,817827839487737858,31314
11901,817777686764523521,3084
13105,817536400337801217,3505
38260,817423860136083457,17504
6267,817415592588222464,1131
9690,817171292965273600,2326
13367,817120970343411712,3011
9517,817056546584727552,1927
11071,816816676327063552,2361
10905,816697700272001025,2545
33961,816450570814898180,9366
9564,816336735214911488,2269
9927,816091915477250048,2500
5545,815990720817401858,1207
25057,815966073409433600,9907
10937,815736392542261248,2625
9161,815639385530101762,1918
11467,815390420867969024,4407
8485,814986499976527872,1505
12511,814638523311648768,3130
9629,814530161257443328,2156
32000,814153002265309185,10080
10342,813910438903693312,2194
40402,813812741911748608,16267
9300,813800681631023104,2060
20783,813217897535406080,8476
10192,813202720496779264,2090
22085,813187593374461952,5096
10384,813172488309972993,2236
8588,813157409116065792,2557
9361,813142292504645637,2728
4968,813130366689148928,513
13242,813127251579564032,3652
11515,813112105746448384,3225
11694,813096984823349248,4207
10989,813081950185472002,3220
8865,813066809284972545,2276
23337,813051746834595840,8503
8380,812781120811126785,2191
7373,812709060537683968,1665
6787,812503143955202048,1424
8900,812466873996607488,2231
15224,812372279581671427,4252
8102,811985624773361665,1647
8429,811744202451197953,1884
6215,811647686436880384,872
14265,811627233043480576,3650
23302,811386762094317568,7444
5927,810984652412424192,1655
10093,810896069567610880,2090
12192,810657578271330305,3057
39640,810284430598270976,13369
16380,810254108431155201,3901
17250,809920764300447744,4521
7727,809448704142938112,1696
22246,809220051211603969,6554
14685,809084759137812480,4046
11271,808838249661788160,3536
8784,808733504066486276,2509
12595,808501579447930884,3007
47281,808344865868283904,24069
9701,808106460588765185,2525
14015,808001312164028416,4098
16236,807621403335917568,4288
107015,807106840509214720,56625
14514,807010152071229440,4418
75639,806629075125202948,37911
5370,806576416489959424,2230
11363,806542213899489280,2752
7145,806219024703037440,1388
9178,805932879469572096,2209
7335,805826884734976000,2132
6368,805520635690676224,1905
9773,805487436403003392,2929
8680,805207613751304193,1972
15326,804738756058218496,4480
6886,804475857670639616,2355
49774,804026241225523202,18876
11203,803773340896923648,3220
12270,803638050916102144,4828
8601,803380650405482500,2169
11207,803276597545603072,2887
10085,802952499103731712,2336
7938,802600418706604034,1714
9959,802572683846291456,2926
18124,802323869084381190,6808
7039,802265048156610565,1573
10132,802239329049477120,3040
8608,801958328846974976,1992
1958,801854953262350336,275
9141,801538201127157760,2391
6802,801285448605831168,960
27386,801167903437357056,6961
8992,801115127852503040,2429
778,800859414831898624,113
11701,800751577355128832,3214
14685,800513324630806528,3495
10538,800459316964663297,2489
12456,800388270626521089,3265
17092,800141422401830912,2980
31768,800018252395122689,15351
9390,799757965289017345,2506
8965,799422933579902976,2213
11065,799297110730567681,3227
9058,799063482566066176,2863
14712,798933969379225600,5203
8246,798925684722855936,1663
11548,798209839306514432,2954
13018,797971864723324932,3652
16198,797545162159308800,5656
22328,797236660651966464,7726
256,797165961484890113,32
8564,796865951799083009,2198
13256,796759840936919040,3562
8472,796484825502875648,2042
12334,796387464403357696,4861
36177,796149749086875649,16628
5511,796125600683540480,2079
10139,796116448414461957,2813
9469,796080075804475393,2703
12071,796031486298386433,4284
55683,795464331001561088,27728
11270,795400264262053889,3323
18139,795076730285391872,6288
11492,794926597468000259,2697
10686,794332329137291264,3088
10314,794205286408003585,3895
18910,793962221541933056,5711
10295,793845145112371200,2187
8926,793601777308463104,1908
11953,793500921481273345,2786
27597,793286476301799424,10723
9677,793271401113350145,2763
22350,793256262322548741,9714
11780,793241302385262592,3812
11001,793226087023144960,3338
9997,793210959003287553,3301
17063,793195938047070209,6547
7740,793180763617361921,2310
10478,793165685325201412,3238
6909,793150605191548928,1984
7214,793135492858580992,2893
14202,793120401413079041,4551
16063,792913359805018113,4715
12666,792883833364439040,4964
8209,792773781206999040,1963
15128,792394556390137856,4998
8029,792050063153438720,2088
37818,791774931465953280,21156
13129,791672322847637504,3661
14670,791406955684368384,4797
9841,791312159183634433,2963
11089,790987426131050500,2483
18601,790946055508652032,5496
9158,790698755171364864,2203
22473,790581949425475584,8183
8740,790337589677002753,2167
14081,790277117346975746,3732
10369,789986466051088384,2704
11673,789903600034189313,4858
8448,789628658055020548,2080
7620,789599242079838210,2279
13188,789530877013393408,3942
9615,789314372632018944,2666
10196,789268448748703744,3014
10875,789137962068021249,3244
30653,788908386943430656,14409
30658,788765914992902144,12014
16060,788412144018661376,5990
8100,788178268662984705,2488
6865,788150585577050112,1510
6867,788039637453406209,1535
9717,787810552592695296,3540
11416,787717603741622272,3240
12120,787397959788929025,3300
8726,787322443945877504,2032
29725,786963064373534720,9327
20296,786709082849828864,7069
11957,786664955043049472,2996
10497,786595970293370880,3601
12189,786363235746385920,4072
8930,786286427768250368,3352
17178,786233965241827333,5571
1614,786051337297522688,179
12696,785927819176054784,3652
7489,785872687017132033,2130
8735,785639753186217984,2561
10183,785533386513321988,2334
6800,785515384317313025,1477
8128,785264754247995392,1911
13491,785170936622350336,5639
11310,784826020293709826,3712
10039,784517518371221505,2970
6329,784431430411685888,1491
22513,784183165795655680,9374
33505,784057939640352768,12953
33689,783839966405230592,12643
8209,783821107061198850,2269
11650,783695101801398276,3737
9468,783466772167098368,2608
18908,783391753726550016,6441
32651,783334639985389568,13616
9112,783085703974514689,2565
26949,782969140009107456,8521
8310,782747134529531904,1604
19250,782722598790725632,6238
8694,782598640137187329,2184
18630,782305867769217024,6470
12357,781955203444699136,3920
11634,781661882474196992,3129
4466,781655249211752448,1314
23163,781524693396357120,6426
7973,781308096455073793,2961
9428,781251288990355457,2458
10895,781163403222056960,3168
24192,780931614150983680,8536
8033,780858289093574656,2328
6141,780800785462489090,1505
13525,780601303617732608,3839
7040,780543529827336192,2032
5892,780459368902959104,1224
9712,780192070812196864,2589
13723,780074436359819264,5815
21252,779834332596887552,8237
9831,779377524342161408,3613
13206,779123168116150273,4207
16500,779056095788752897,5247
22342,778990705243029504,8437
955,778764940568104960,426
7717,778748913645780993,1562
6430,778650543019483137,1729
5177,778624900596654080,1176
15135,778408200802557953,5023
6515,778383385161035776,1271
11576,778286810187399168,3836
9417,778039087836069888,3065
7320,778027034220126208,1885
7078,777885040357281792,1893
12518,777684233540206592,3403
9742,777621514455814149,2910
15921,777189768882946048,4999
5444,776813020089548800,1405
9858,776477788987613185,3249
33345,776218204058357768,18497
10681,776201521193218049,2919
13102,776113305656188928,5068
2045,776088319444877312,179
13022,775842724423557120,3116
15413,775733305207554048,4627
14361,775729183532220416,5302
8295,775364825476165632,3472
11309,775350846108426240,4532
17281,775085132600442880,5488
9462,774757898236878852,2035
7508,774639387460112384,2013
24167,774314403806253056,6478
11925,773985732834758656,4492
7110,773922284943896577,1999
7317,773704687002451968,1891
5935,773670353721753600,1501
24553,773547596996571136,7126
25846,773308824254029826,8640
10414,773247561583001600,3699
11117,773191612633579521,4736
9555,772877495989305348,4501
8842,772826264096874500,2669
7192,772581559778025472,1968
6665,772193107915964416,1612
4181,772152991789019136,1300
4165,772117678702071809,848
3005,772114945936949249,546
4448,772102971039580160,1065
7298,771908950375665664,2181
13356,771770456517009408,3924
9167,771500966810099713,3018
11746,771380798096281600,5912
10223,771136648247640064,3357
6898,771102124360998913,1663
7032,771014301343748096,1782
5498,770787852854652928,1415
5749,770772759874076672,1626
8130,770655142660169732,2013
6987,770414278348247044,2390
6923,770293558247038976,1718
8385,770069151037685760,2651
34948,769940425801170949,11131
7101,769695466921623552,1926
5980,769212283578875904,1969
16017,768970937022709760,7574
4660,768855141948723200,1034
4580,768609597686943744,1382
5592,768596291618299904,1473
15110,768473857036525572,3958
12157,768193404517830656,4080
5309,767884188863397888,1634
17814,767754930266464257,6221
8295,767500508068192258,2688
13643,767191397493538821,4406
11227,767122157629476866,3261
5650,766793450729734144,1565
2872,766714921925144576,438
4484,766693177336135680,918
6671,766423258543644672,1825
7493,766313316352462849,2166
4765,766069199026450432,1003
4149,766008592277377025,571
8021,765719909049503744,2475
5760,765669560888528897,1407
20539,765395769549590528,3127
7842,765371061932261376,2475
12902,765222098633691136,3914
7099,764857477905154048,2029
6718,764259802650378240,1745
812,763956972077010945,61
14041,763837565564780549,4858
6004,763183847194451968,1702
8163,763103485927849985,2602
13518,762699858130116608,4190
12571,762471784394268675,7612
11503,762464539388485633,4839
5350,762316489655476224,1298
35400,762035686371364864,17919
5992,761976711479193600,2310
4707,761745352076779520,979
55016,761672994376806400,33421
4578,761599872357261312,1336
5792,761334018830917632,1669
4957,761292947749015552,1265
5908,761227390836215808,1775
12482,761004547850530816,3952
4228,760893934457552897,1104
7343,760656994973933572,2210
5485,760641137271070720,1481
8399,760539183865880579,4168
4681,760521673607086080,1608
29618,760290219849637889,13140
4338,760252756032651264,995
6334,760190180481531904,2079
6581,759943073749200896,2382
16284,759923798737051648,6521
7433,759846353224826880,2265
6620,759793422261743616,2173
5202,759557299618865152,1341
9418,759447681597108224,2827
1846,759446261539934208,561
6725,759197388317847553,2221
16101,759099523532779520,4813
7227,759047813560868866,2302
3904,758854675097526272,1027
12376,758828659922702336,4376
6339,758740312047005698,1824
4227,758474966123810816,1132
5316,758467244762497024,2539
5756,758405701903519748,2204
3797,758355060040593408,1245
21302,758099635764359168,11550
3001,758041019896193024,433
7613,757741869644341248,3710
5022,757725642876129280,1391
5026,757611664640446465,1272
4808,757596066325864448,1219
16743,757400162377592832,7759
6462,757393109802180609,2009
4995,757354760399941633,1637
6923,756998049151549440,2271
7342,756939218950160384,2295
5612,756651752796094464,1511
11506,756526248105566208,4169
4359,756303284449767430,1231
28519,756288534030475264,15071
7114,756275833623502848,1738
8092,755955933503782912,3285
18212,755206590534418437,6148
23446,755110668769038337,12621
7616,754856583969079297,2870
2854,754747087846248448,591
5852,754482103782404096,2220
4147,754449512966619136,846
8655,754120377874386944,2670
9726,754011816964026368,4079
6458,753655901052166144,2492
8731,753420520834629632,4071
6384,753398408988139520,2186
8411,753375668877008896,2655
3758,753294487569522689,1191
41080,753039830821511168,24013
4283,753026973505581056,1109
13970,752932432744185856,7798
7592,752917284578922496,1790
6642,752682090207055872,1846
4878,752660715232722944,1794
6140,752568224206688256,2605
8157,752519690950500352,3917
4238,752334515931054080,1263
6569,752173152931807232,2106
3415,751950017322246144,1060
5770,751937170840121344,1530
6428,751830394383790080,2227
6479,751793661361422336,3320
8699,751598357617971201,3440
4849,751583847268179968,1265
5547,751538714308972544,1445
3516,751456908746354688,1127
13791,751251247299190784,6695
6948,751205363882532864,2086
5610,751132876104687617,1480
5306,750868782890057730,1595
14621,750719632563142656,5747
4934,750506206503038976,1316
14569,750429297815552001,4947
5005,750383411068534784,1309
758,750381685133418496,39
3409,750147208377409536,1095
3990,750132105863102464,1440
4740,750117059602808832,1466
3344,750101899009982464,959
2383,750086836815486976,613
8653,750071704093859840,3802
3444,750056684286914561,1011
3502,750041628174217216,703
2986,750026558547456000,888
3568,750011400160841729,1035
3331,749996283729883136,919
5569,749981277374128128,2772
5114,749774190421639168,1493
6721,749417653287129088,1904
2892,749403093750648834,622
9488,749395845976588288,3951
6076,749317047558017024,2509
6353,749075273010798592,2360
5277,749064354620928000,1714
3425,749036806121881602,896
11235,748977405889503236,3759
6461,748932637671223296,2564
3047,748705597323898880,1067
5213,748699167502000129,1814
4659,748692773788876800,1504
6696,748575535303884801,2272
2411,748568946752774144,776
5735,748346686624440324,1413
8462,748337862848962560,4701
4078,748324050481647620,867
4027,748307329658011649,810
15549,748220828303695873,8825
6397,747963614829678593,2444
7310,747933425676525569,2894
3243,747885874273214464,1116
3084,747844099428986880,851
5346,747816857231626240,1316
1520,747651430853525504,179
14182,747648653817413632,6614
2545,747600769478692864,619
4065,747594051852075008,1205
6110,747512671126323200,1803
4249,747461612269887489,1169
5965,747439450712596480,2184
5792,747219827526344708,1791
3722,747204161125646336,1038
10534,747103485104099331,4548
3168,746906459439529985,336
6593,746872823977771008,2429
5807,746818907684614144,1944
5345,746790600704425984,1806
10520,746757706116112384,4432
6648,746726898085036033,2037
5520,746542875601690625,2104
5094,746507379341139972,1226
6637,746369468511756288,1854
7565,746131877086527488,2511
3904,746056683365994496,931
4437,745789745784041472,1207
7652,745712589599014916,2636
7824,745433870967832576,2894
9412,745422732645535745,2768
7863,745314880350101504,3131
8605,745074613265149952,3976
7945,745057283344719872,2585
3277,744995568523612160,716
8652,744971049620602880,3042
6150,744709971296780288,1771
7443,744334592493166593,2412
131075,744234799360020481,79515
1868,744223424764059648,424
4551,743980027717509120,1231
3999,743895849529389061,1087
4917,743609206067040256,1560
20275,743595368194129920,7445
3863,743545585370791937,1066
8671,743510151680958465,4185
4624,743253157753532416,1366
6792,743222593470234624,2164
4215,743210557239623680,1560
7744,742534281772302336,4011
4878,742528092657332225,2245
7916,742465774154047488,4382
10812,742423170473463808,4319
7457,742385895052087300,2266
4743,742161199639494656,1547
5661,742150209887731712,1783
4982,741793263812808706,1698
8945,741743634094141440,3144
4026,741438259667034112,937
9631,741303864243200000,3650
10997,741099773336379392,6247
10342,741067306818797568,3520
7018,740995100998766593,3154
3736,740711788199743490,1062
3101,740699697422163968,888
19881,740676976021798912,7724
20648,740373189193256964,9220
2727,740365076218183684,495
3610,740359016048689152,967
7335,740214038584557568,2220
21898,739979191639244800,6719
4443,739932936087216128,1217
4138,739844404073074688,966
4185,739623569819336705,1547
5897,739606147276148736,1876
43694,739544079319588864,24319
7887,739485634323156992,3309
75163,739238157791694849,52360
115,738891149612572673,6
4127,738885046782832640,1283
3661,738883359779196928,917
5575,738537504001953792,1759
3599,738402415918125056,955
4727,738184450748633089,1360
9635,738166403467907072,3828
2768,738156290900254721,748
5757,737826014890496000,2006
10943,737800304142471168,3904
5528,737678689543020544,1509
11302,737445876994609152,5048
3953,737322739594330112,907
16040,737310737551491075,8329
4736,736736130620620800,1972
19450,736392552031657984,8407
4367,736365877722001409,1408
8901,736225175608430592,3115
8652,736010884653420544,3355
3934,735991953473572864,1283
4397,735648611367784448,1237
6776,735635087207878657,2659
9629,735274964362878976,4707
3675,735256018284875776,993
3428,735137028879360001,1092
2993,734912297295085568,572
13745,734787690684657664,7102
2742,734776360183431168,608
1646,734559631394082816,451
3926,733828123016450049,881
4015,733822306246479872,1141
3438,733482008106668032,1065
4605,733460102733135873,1451
44619,733109485275860992,17621
2671,732732193018155009,599
3855,732726085725589504,1003
4016,732585889486888962,868
8832,732375214819057664,2838
16324,732005617171337216,6154
3798,731285275100512256,1090
4196,731156023742988288,1434
6682,730924654643314689,2234
5407,730573383004487680,2435
3809,730427201120833536,1176
4180,730211855403241472,1182
5339,730196704625098752,2172
4396,729854734790754305,1268
1856,729838605770891264,431
4358,729823566028484608,1390
6340,729463711119904772,2586
2054,729113531270991872,370
3460,728986383096946689,917
5090,728760639972315136,1911
3032,728751179681943552,757
3620,728653952833728512,1169
5383,728409960103686147,2269
3999,728387165835677696,1075
4722,728046963732717569,1328
4953,728035342121635841,1872
4479,728015554473250816,1219
3206,727685679342333952,720
6431,727644517743104000,1962
4900,727524757080539137,1379
3623,727314416056803329,834
3324,727286334147182592,920
4209,727175381690781696,1540
3983,727155742655025152,1490
7496,726935089318363137,2738
4195,726887082820554753,1677
3882,726828223124897792,1124
4811,726224900189511680,1302
7691,725842289046749185,2970
4537,725786712245440512,1527
5646,725729321944506368,2009
1541,725458796924002305,703
4040,724983749226668032,1462
2593,724771698126512129,725
5800,724405726123311104,1847
4738,724049859469295616,1984
2901,724046343203856385,620
4561,724004602748780546,1790
4236,723912936180330496,1374
8435,723688335806480385,3347
3291,723673163800948736,1011
5761,723179728551723008,2110
4493,722974582966214656,1764
5393,722613351520608256,1831
5086,721503162398597120,2124
2748,721001180231503872,686
3400,720785406564900865,866
2702,720775346191278080,760
4503,720415127506415616,1681
6974,720389942216527872,2840
3131,720340705894408192,1098
4229,720059472081784833,1268
5332,720043174954147842,2253
5281,719991154352222208,1979
4974,719704490224398336,1645
5515,719551379208073216,2192
3022,719367763014393856,827
4822,719339463458033665,1403
3711,719332531645071360,1078
3818,718971898235854848,1231
5720,718939241951195136,1973
20697,718631497683582976,9126
2669,718613305783398402,542
2730,718540630683709445,1137
2846,718460005985447936,602
5320,718454725339934721,1685
2115,718246886998687744,565
4217,718234618122661888,1127
2660,717841801130979328,670
3170,717790033953034240,1272
6281,717537687239008257,2069
1748,717428917016076293,510
3446,717421804990701568,945
6826,717047459982213120,2135
3583,717009362452090881,1102
4627,716802964044845056,1317
5204,716791146589110272,1474
1339,716730379797970944,475
14327,716447146686459905,6643
2574,716439118184652801,247
3041,716285507865542656,1225
5272,716080869887381504,1935
3485,715928423106027520,987
4085,715758151270801409,1596
5093,715733265223708672,1920
3055,715704790270025728,634
4257,715696743237730304,1454
4719,715680795826982913,1813
5955,715360349751484417,1772
3294,715342466308784130,768
2630,715220193576927233,736
5578,715200624753819648,2110
4550,715009755312439296,1392
4094,714982300363173890,1166
8028,714962719905021952,4816
4503,714957620017307648,1595
3571,714631576617938945,1122
3938,714606013974974464,1038
2962,714485234495041536,1313
3281,714258258790387713,808
3570,714251586676113411,940
2480,714214115368108032,990
4673,714141408463036416,1569
3564,713919462244790272,869
2078,713909862279876608,616
3062,713900603437621249,829
5308,713761197720473600,1541
4802,713411074226274305,1440
7854,713177543487135744,3183
4851,713175907180089344,1630
20378,712809025985978368,7602
13474,712717840512598017,5616
4531,712668654853337088,1367
5799,712438159032893441,1756
269,712309440758808576,26
4144,712097430750289920,1172
3211,712092745624633345,1016
3531,712085617388212225,556
2451,712065007010385924,700
8776,711968124745228288,2601
3095,711743778164514816,1101
9756,711732680602345472,4653
35865,711694788429553666,20500
4228,711652651650457602,1037
3996,711363825979756544,1287
3596,711306686208872448,819
3275,711008018775851008,710
4960,710997087345876993,1561
2775,710844581445812225,779
2937,710833117892898816,606
2529,710658690886586372,636
5227,710609963652087808,2624
4968,710588934686908417,2107
2574,710296729921429505,833
2308,710283270106132480,580
4945,710272297844797440,1425
2613,710269109699739648,1257
3153,710153181850935296,1006
3017,710140971284037632,1008
5999,710117014656950272,2233
3250,709918798883774466,1215
732,709901256215666688,112
3824,709852847387627521,1336
3865,709566166965075968,1367
3593,709556954897764353,1204
1620,709519240576036864,277
2420,709449600415961088,665
2855,709409458133323776,788
2615,709225125749587968,647
13755,709207347839836162,6567
2634,709198395643068416,721
2213,709179584944730112,763
2236,709158332880297985,470
5197,709042156699303936,1864
1941,708853462201716736,745
3226,708845821941387268,1015
1860,708834316713893888,571
18036,708810915978854401,7848
2997,708738143638450176,917
2790,708711088997666817,834
2768,708479650088034305,765
3357,708469915515297792,926
17516,708400866336894977,11330
3929,708356463048204288,1520
2568,708349470027751425,831
4672,708149363256774660,1727
3707,708130923141795840,943
2937,708119489313951744,1102
2124,708109389455101952,610
4799,708026248782585858,2166
3385,707995814724026368,1273
52,707983188426153984,2
2941,707969809498152960,1097
3593,707776935007539200,1079
2718,707741517457260545,696
4495,707738799544082433,2785
3765,707693576495472641,1133
2834,707629649552134146,997
18557,707610948723478529,7236
2499,707420581654872064,789
2486,707411934438625280,673
3835,707387676719185920,1490
3603,707377100785885184,1214
2698,707315916783140866,727
3022,707297311098011648,903
2796,707059547140169728,759
2404,707038192327901184,900
4433,707021089608753152,1540
2502,707014260413456384,664
15961,706904523814649856,8830
2264,706901761596989440,680
3627,706681918348251136,1103
2814,706644897839910912,1224
2363,706593038911545345,718
3778,706538006853918722,1580
3404,706516534877929472,1150
3768,706346369204748288,1035
23443,706310011488698368,9034
1861,706291001778950144,522
2979,706265994973601792,1030
4291,706169069255446529,2511
5636,706166467411222528,1819
1632,706153300320784384,437
3397,705975130514706432,842
3440,705970349788291072,1008
2597,705898680587526145,643
2132,705786532653883392,596
3475,705591895322394625,1308
3231,705475953783398401,1045
4877,705442520700944385,1859
4188,705428427625635840,1931
3290,705239209544720384,854
2829,705223444686888960,900
2342,705102439679201280,585
2378,705066031337840642,683
4585,704871453724954624,1245
2462,704859558691414016,612
5594,704847917308362754,1727
2906,704819833553219584,1136
7283,704761120771465216,3257
3212,704499785726889984,1124
840,704491224099647488,97
3723,704480331685040129,1197
8804,704364645503647744,3999
1729,704347321748819968,393
1653,704134088924532736,519
2031,704113298707505153,629
3201,704054845121142784,1028
2020,703774238772166656,526
3621,703769065844768768,1276
2853,703631701117943808,772
4229,703611486317502464,1709
4162,703425003149250560,1559
2685,703407252292673536,786
3837,703382836347330562,1285
2085,703356393781329922,429
2152,703268521220972544,618
8064,703079050210877440,3494
28996,703041949650034688,14198
2825,702932127499816960,811
1772,702899151802126337,509
3516,702684942141153280,1215
2398,702671118226825216,634
11332,702598099714314240,3712
3134,702539513671897089,1091
3491,702332542343577600,1755
3604,702321140488925184,1156
2706,702276748847800320,860
5268,702217446468493312,1526
3755,701981390485725185,1106
4167,701952816642965504,1149
3905,701889187134500865,1558
3752,701805642395348998,1900
2299,701601587219795968,523
3080,701570477911896070,1055
2902,701545186879471618,680
13475,701214700881756160,5812
2437,700890391244103680,653
2828,700864154249383937,685
2637,700847567345688576,558
2669,700796979434098688,1085
25130,700747788515020802,10673
2887,700518061187723268,915
2487,700505138482569216,646
4537,700462010979500032,2031
2903,700167517596164096,836
2450,700151421916807169,754
8282,700143752053182464,3129
2890,700062718104104960,778
2262,700029284593901568,661
3627,700002074055016451,1529
3345,699801817392291840,1088
2458,699788877217865730,557
3039,699779630832685056,1397
2150,699775878809702401,690
11252,699691744225525762,5174
6515,699446877801091073,2938
2384,699434518667751424,577
1505,699423671849451520,383
2258,699413908797464576,688
2053,699370870310113280,497
3466,699323444782047232,983
2451,699088579889332224,715
2677,699079609774645248,745
3296,699072405256409088,1325
4173,699060279947165696,2059
2863,699036661657767936,1345
3701,698989035503689728,1113
2975,698953797952008193,1020
2787,698907974262222848,699
2710,698710712454139905,774
1608,698703483621523456,425
1400,698635131305795584,388
2536,698549713696649216,704
2046,698355670425473025,516
2485,698342080612007937,1074
5214,698262614669991936,2268
18408,698195409219559425,6750
3084,698178924120031232,830
1665,697995514407682048,372
3592,697990423684476929,1451
2638,697943111201378304,776
3313,697881462549430272,1337
1909,697630435728322560,614
3467,697616773278015490,1144
3306,697596423848730625,1425
2250,697575480820686848,572
2281,697516214579523584,1282
2662,697482927769255936,765
3748,697463031882764288,1552
5131,697270446429966336,2087
3611,697259378236399616,1136
3316,697255105972801536,1315
2753,697242256848379904,751
3492,696900204696625153,1156
2594,696894894812565505,758
5317,696886256886657024,2016
2689,696877980375769088,802
1615,696754882863349760,396
2293,696744641916489729,1069
2613,696713835009417216,757
4274,696518437233913856,1887
1339,696490539101908992,170
2788,696488710901260288,1166
3531,696405997980676096,1284
2125,696100768806522880,750
3287,695816827381944320,1320
3490,695794761660297217,880
2060,695767669421768709,854
5020,695629776980148225,2377
4787,695446424020918272,2026
9460,695409464418041856,4017
4004,695314793360662529,1675
2888,695095422348574720,684
3116,695074328191332352,1239
1771,695064344191721472,685
2918,695051054296211456,885
2965,694925794720792577,1043
3046,694905863685980160,1053
26068,694669722378485760,13517
1653,694356675654983680,328
2244,694352839993344000,700
1727,694342028726001664,557
2203,694329668942569472,569
4582,694206574471057408,2297
3236,694183373896572928,1040
3705,694001791655137281,1176
2044,693993230313091072,457
1896,693942351086120961,413
2961,693647888581312512,673
1473,693644216740769793,150
2790,693642232151285760,472
2685,693629975228977152,894
1691,693622659251335168,422
5565,693590843962331137,2233
1802,693582294167244802,292
1941,693486665285931008,698
3669,693280720173801472,1403
2622,693267061318012928,925
2459,693262851218264065,568
3133,693231807727280129,841
8668,693155686491000832,3622
1889,693109034023534592,695
2056,693095443459342336,523
2926,692919143163629568,838
2683,692905862751522816,998
1971,692901601640583168,682
2511,692894228850999298,910
3148,692828166163931137,998
7496,692752401762250755,4124
4739,692568918515392513,1737
3504,692535307825213440,1529
2021,692530551048294401,474
1618,692423280028966913,265
10275,692417313023332352,3917
2768,692187005137076224,929
2369,692158366030913536,896
1798,692142790915014657,438
3724,692041934689402880,1424
3153,692017291282812928,1081
4329,691820333922455552,1860
8910,691793053716221953,4732
3179,691756958957883396,1161
2116,691675652215414786,577
2608,691483041324204033,656
4449,691459709405118465,1294
2890,691444869282295808,955
21253,691416866452082688,8689
2828,691321916024623104,747
3253,691096613310316544,1019
1867,691090071332753408,385
6513,690989312272396288,3282
3902,690959652130045952,1421
4536,690938899477221376,2245
3602,690932576555528194,1143
4134,690735892932222976,1442
2384,690728923253055490,597
2547,690690673629138944,898
1435,690649993829576704,325
313,690607260360429569,19
2163,690597161306841088,681
2041,690400367696297985,509
3560,690374419777196032,972
2925,690360449368465409,1006
1644,690348396616552449,573
1845,690248561355657216,477
3056,690021994562220032,1180
2740,690015576308211712,836
4004,690005060500217858,1907
1561,689999384604450816,424
1618,689993469801164801,518
1490,689977555533848577,502
2651,689905486972461056,787
3323,689877686181715968,1344
2369,689835978131935233,850
3501,689661964914655233,1052
11394,689659372465688576,4412
2467,689623661272240129,748
12795,689599056876867584,6265
2257,689557536375177216,519
3735,689517482558820352,1609
2476,689289219123089408,1056
3624,689283819090870273,1250
2197,689280876073582592,819
1273,689275259254616065,285
2805,689255633275777024,1212
3348,689154315265683456,1128
2232,689143371370250240,579
3003,688916208532455424,983
2310,688908934925697024,874
2307,688898160958271489,890
2462,688894073864884227,792
1508,688828561667567616,420
1043,688804835492233216,227
2434,688789766343622656,759
2862,688547210804498433,789
2520,688519176466644993,825
10180,688385280030670848,5035
2426,688211956440801280,937
2328,688179443353796608,669
3093,688116655151435777,888
1878,688064179421470721,408
6009,687841446767013888,2872
2989,687826841265172480,1292
2758,687818504314159109,1080
2625,687807801670897665,801
1935,687732144991551489,750
2660,687704180304273409,950
2121,687664829264453632,576
2104,687494652870668288,654
1760,687480748861947905,281
2187,687476254459715584,619
2243,687460506001633280,614
2081,687399393394311168,702
22073,687317306314240000,10411
4777,687312378585812992,2146
6004,687127927494963200,2591
2371,687124485711986689,577
6370,687109925361856513,2803
2571,687102708889812993,1124
2449,687096057537363968,695
9433,686947101016735744,3582
3852,686760001961103360,1551
3812,686749460672679938,1666
4543,686730991906516992,1350
3072,686683045143953408,912
4042,686618349602762752,1544
2071,686606069955735556,607
1928,686394059078897668,769
3553,686386521809772549,996
2433,686377065986265092,637
2398,686358356425093120,776
4392,686286779679375361,1887
2420,686050296934563840,836
1274,686035780142297088,138
3424,686034024800862208,1324
2704,686007916130873345,472
2009,686003207160610816,735
2326,685973236358713344,611
1801,685943807276412928,696
8277,685906723014619143,3303
2069,685681090388975616,140
2579,685667379192414208,666
3557,685663452032069632,1656
3218,685641971164143616,885
35052,685547936038666240,17465
3336,685532292383666176,1298
10471,685325112850124800,4535
2910,685321586178670592,735
3676,685315239903100929,1234
2262,685307451701334016,496
3419,685268753634967552,1371
2566,685198997565345792,764
4489,685169283572338688,1620
2374,684969860808454144,421
7004,684959798585110529,3487
3523,684940049151070208,1191
3849,684926975086034944,552
3848,684914660081053696,1662
2053,684902183876321280,605
2305,684880619965411328,936
38551,684830982659280897,24514
2979,684800227459624960,1124
9843,684594889858887680,4016
4489,684588130326986752,1592
3312,684567543613382656,1418
2915,684538444857667585,1085
4249,684481074559381504,1320
2169,684460069371654144,628
8999,684241637099323392,3727
1369,684225744407494656,239
4225,684222868335505415,1563
2394,684200372118904832,1177
2108,684195085588783105,595
3831,684188786104872960,1343
2215,684177701129875456,764
3265,684147889187209216,1703
2176,684122891630342144,539
4515,684097758874210310,1621
4163,683857920510050305,1262
2111,683852578183077888,397
2896,683849932751646720,1116
2880,683834909291606017,1265
3053,683828599284170753,1195
3684,683773439333797890,1533
7162,683742671509258241,3781
8058,683515932363329536,3291
3469,683498322573824003,1095
2878,683481228088049664,1118
2676,683462770029932544,761
4290,683449695444799489,1837
8356,683391852557561860,2702
3238,683357973142474752,1059
3162,683142553609318400,1173
3736,683111407806746624,1034
2361,683098815881154561,736
2176,683078886620553216,634
2370,683030066213818368,832
26239,682962037429899265,15043
1953,682808988178739200,210
2706,682788441537560576,1258
1674,682750546109968385,494
1440,682697186228989953,397
3326,682662431982772225,1207
2266,682638830361513985,675
3769,682429480204398592,1320
8319,682406705142087680,2019
2441,682393905736888321,773
1828,682389078323662849,518
3389,682303737705140231,1135
4578,682259524040966145,1375
3566,682242692827447297,1341
20108,682088079302213632,11271
5442,682059653698686977,1915
3525,682047327939461121,1088
7223,682032003584274432,2294
3464,682003177596559360,1722
3043,681981167097122816,1161
2706,681891461017812993,951
14010,681694085539872773,4581
1923,681679526984871937,499
2903,681654059175129088,1045
2100,681610798867845120,533
3893,681579835668455424,1489
15749,681523177663676416,6620
1803,681340665377193984,313
10202,681339448655802368,4598
2918,681320187870711809,863
4347,681302363064414209,2072
3490,681297372102656000,1091
3520,681281657291280384,1258
1597,681261549936340994,308
1645,681242418453299201,624
2629,681231109724700672,540
4077,681193455364796417,1691
2665,680970795137544192,749
4986,680959110691590145,2243
3544,680940246314430465,1225
2285,680934982542561280,497
2609,680913438424612864,705
1945,680889648562991104,418
3766,680836378243002368,1513
2370,680805554198020098,751
2600,680801747103793152,925
3134,680798457301471234,1182
2906,680609293079592961,816
3939,680583894916304897,1514
4639,680497766108381184,2162
1879,680494726643068929,542
2778,680473011644985345,844
1583,680440374763077632,564
1598,680221482581123072,329
3115,680206703334408192,1323
2356,680191257256136705,577
4263,680176173301628928,1760
2538,680161097740095489,828
3955,680145970311643136,1972
2519,680130881361686529,1078
2972,680115823365742593,1028
3891,680100725817409536,1554
13959,680085611152338944,10034
2818,680070545539371008,994
18278,680055455951884288,8067
2155,679877062409191424,726
2365,679872969355714560,749
2678,679862121895714818,706
3143,679854723806179328,1402
2593,679844490799091713,887
39726,679828447187857408,15839
3390,679777920601223168,1281
2311,679736210798047232,918
2367,679729593985699840,937
1817,679722016581222400,539
5208,679530280114372609,2347
2892,679527802031484928,823
3711,679511351870550016,1461
3484,679503373272485890,1673
2304,679475951516934144,728
34856,679462823135686656,21324
2594,679405845277462528,1364
23568,679158373988876288,9193
3028,679148763231985668,1163
3253,679132435750195208,1314
6514,679111216690831360,2893
18712,679062614270468097,9299
2460,679047485189439488,781
3075,679001094530465792,1378
2537,678991772295516161,1333
1796,678969228704284672,528
2810,678800283649069056,1018
3804,678798276842360832,1350
3037,678774928607469569,1043
3864,678767140346941444,1553
1788,678764513869611008,544
7802,678755239630127104,3741
4099,678740035362037760,1926
6082,678708137298427904,2753
3155,678675843183484930,1680
2250,678643457146150913,489
4358,678446151570427904,1785
5916,678424312106393600,2880
4640,678410210315247616,2072
61794,678399652199309312,30742
1731,678396796259975168,478
2044,678389028614488064,473
2655,678380236862578688,1020
1896,678341075375947776,612
1427,678334497360859136,304
12531,678278586130948096,6857
1726,678255464182861824,418
2095,678023323247357953,439
15018,678021115718029313,7148
3701,677961670166224897,1879
1476,677918531514703872,463
5275,677895101218201600,2384
3323,677716515794329600,1104
3689,677700003327029250,1622
1332,677698403548192770,363
2681,677687604918272002,950
3603,677673981332312066,1677
2134,677662372920729601,1101
2040,677644091929329666,886
2322,677573743309385728,819
1409,677565715327688705,513
2665,677557565589463040,1322
7568,677547928504967168,4076
1161,677530072887205888,250
3328,677335745548390400,2017
1477,677334615166730240,328
1189,677331501395156992,265
3938,677328882937298944,1693
1799,677314812125323265,611
1362,677301033169788928,471
2164,677269281705472000,790
3837,677228873407442944,1840
2981,677187300187611136,1033
3015,676975532580409345,1203
2395,676957860086095872,907
1413,676949632774234114,448
2354,676948236477857792,980
1844,676946864479084545,426
2261,676942428000112642,855
13809,676936541936185344,5515
3231,676916996760600576,2002
2426,676897532954456065,817
2294,676864501615042560,808
25124,676821958043033607,17605
1957,676819651066732545,741
1536,676811746707918848,469
5405,676776431406465024,2249
3149,676617503762681856,1108
1183,676613908052996102,219
2039,676606785097199616,490
1280,676603393314578432,440
4954,676593408224403456,2410
1001,676590572941893632,142
2533,676588346097852417,896
1310,676582956622721024,312
2807,676575501977128964,1254
2025,676533798876651520,621
1641,676496375194980353,602
12616,676470639084101634,5224
1863,676440007570247681,748
1526,676430933382295552,385
2243,676263575653122048,609
1335,676237365392908289,331
67100,676219687039057920,31989
1881,676215927814406144,661
2478,676191832485810177,1145
2077,676146341966438401,744
2335,676121918416756736,1297
3042,676101918813499392,1284
3279,676098748976615425,1623
1431,676089483918516224,483
1774,675898130735476737,653
2297,675891555769696257,976
2581,675888385639251968,1067
4531,675878199931371520,1570
1783,675870721063669760,632
2927,675853064436391936,1460
1027,675849018447167488,172
2477,675845657354215424,1000
1652,675822767435051008,591
1140,675820929667219457,260
11101,675798442703122432,3787
1750,675781562965868544,537
1257,675740360753160193,388
2046,675710890956750848,928
2154,675707330206547968,771
693,675706639471788032,106
1953,675534494439489536,470
1276,675531475945709568,428
1122,675522403582218240,316
1414,675517828909424640,507
18482,675501075957489664,6485
3397,675497103322386432,1443
1406,675489971617296384,672
1985,675483430902214656,1081
1623,675432746517426176,627
1838,675372240448454658,563
1136,675362609739206656,262
35178,675354435921575936,18963
4237,675349384339542016,2532
3007,675334060156301312,1436
3920,675166823650848770,1795
6072,675153376133427200,2734
4037,675149409102012420,1878
1026,675147105808306176,273
1300,675146535592706048,349
2305,675145476954566656,1011
1398,675135153782571009,542
2120,675113801096802304,877
1042,675111688094527488,283
3006,675109292475830276,1259
1141,675047298674663426,366
2918,675015141583413248,1335
1057,675006312288268288,252
1672,675003128568291329,517
2433,674999807681908736,1232
934,674805413498527744,391
3240,674800520222154752,949
2697,674793399141146624,1225
1180,674790488185167872,278
871,674788554665512960,230
2169,674781762103414784,1335
1213,674774481756377088,532
1981,674767892831932416,883
852,674764817387900928,263
1456,674754018082705410,488
1580,674752233200820224,516
1514,674743008475090944,607
527,674742531037511680,55
1194,674739953134403584,437
693,674737130913071104,103
1237,674690135443775488,510
1751,674670581682434048,729
994,674664755118911488,276
1533,674646392044941312,557
1111,674644256330530816,311
1806,674638615994089473,650
1617,674632714662858753,637
1013,674606911342424069,115
6676,674468880899788800,2275
1137,674447403907457024,393
1198,674436901579923456,426
1536,674422304705744896,592
731,674416750885273600,157
1289,674410619106390016,515
1607,674394782723014656,635
931,674372068062928900,346
602,674330906434379776,83
1516,674318007229923329,570
12129,674307341513269249,7641
15817,674291837063053312,6533
1682,674271431610523648,800
961,674269164442398721,255
1766,674265582246694913,936
1391,674262580978937856,498
1581,674255168825880576,619
804,674082852460433408,186
1047,674075285688614912,316
6769,674063288070742018,2450
3576,674053186244734976,1441
1564,674051556661161984,530
1520,674045139690631169,710
772,674042553264685056,142
1176,674038233588723717,456
906,674036086168010753,240
1914,674024893172875264,1360
1208,674019345211760640,340
1676,674014384960745472,714
1297,674008982932058114,393
2091,673956914389192708,1069
1251,673919437611909120,401
3406,673906403526995968,1799
994,673887867907739649,274
3289,673716320723169284,843
3815,673715861853720576,2303
1114,673711475735838725,325
908,673709992831262724,306
1153,673708611235921920,315
1177,673707060090052608,434
1337,673705679337693185,439
1532,673700254269775872,638
4067,673697980713705472,2165
1855,673689733134946305,700
1325,673688752737402881,534
1544,673686845050527744,479
1460,673680198160809984,521
1339,673662677122719744,397
769,673656262056419329,265
1194,673636718965334016,404
1691,673612854080196609,802
1273,673583129559498752,403
882,673580926094458881,297
1482,673576835670777856,613
1088,673363615379013632,338
1558,673359818736984064,728
1606,673355879178194945,652
1761,673352124999274496,597
784,673350198937153538,229
2700,673345638550134785,1422
1038,673343217010679808,289
1362,673342308415348736,649
14441,673320132811366400,8705
924,673317986296586240,293
8046,673295268553605120,3484
1134,673270968295534593,400
1510,673240798075449344,798
2410,673213039743795200,929
1822,673148804208660480,688
2092,672997845381865473,786
1001,672995267319328768,328
1039,672988786805112832,314
1338,672984142909456390,593
1930,672980819271634944,1079
1813,672975131468300288,1015
1019,672970152493887488,391
1405,672968025906282496,602
1530,672964561327235073,701
1452,672902681409806336,550
944,672898206762672129,459
1661,672884426393653248,897
1096,672877615439593473,405
1398,672834301050937345,623
1343,672828477930868736,533
1032,672640509974827008,348
1377,672622327801233409,542
1302,672614745925664768,644
1180,672609152938721280,424
1188,672604026190569472,445
1411,672594978741354496,661
1014,672591762242805761,367
782,672591271085670400,207
1089,672538107540070400,404
696,672523490734551040,189
1187,672488522314567680,482
1221,672482722825261057,665
757,672481316919734272,137
1529,672475084225949696,770
1447,672466075045466113,598
6888,672272411274932228,3677
1588,672267570918129665,666
1212,672264251789176834,383
2999,672256522047614977,1699
1515,672254177670729728,800
1833,672248013293752320,656
733,672245253877968896,169
953,672239279297454080,347
1956,672231046314901505,1089
833,672222792075620352,231
2414,672205392827572224,1270
1074,672169685991993344,408
918,672160042234327040,395
1876,672139350159835138,792
2578,672125275208069120,1253
1063,672095186491711488,395
1003,672082170312290304,402
1389,672068090318987265,564
9016,671896809300709376,4519
1415,671891728106971137,618
3693,671882082306625538,1488
1507,671879137494245376,748
1330,671874878652489728,601
1191,671866342182637568,548
977,671855973984772097,502
7527,671789708968640512,3811
1269,671768281401958400,572
1788,671763349865160704,999
1430,671744970634719232,841
779,671743150407421952,248
1534,671735591348891648,819
9119,671729906628341761,4795
13679,671561002136281088,7931
967,671550332464455680,229
1444,671547767500775424,658
2126,671544874165002241,1145
1166,671542985629241344,616
993,671538301157904385,436
1253,671536543010570240,441
1092,671533943490011136,631
896,671528761649688577,280
1499,671520732782923777,582
1010,671518598289059840,319
1734,671511350426865664,791
7495,671504605491109889,3866
980,671497587707535361,481
1073,671488513339211776,516
621,671486386088865792,226
806,671485057807351808,253
1513,671390180817915904,805
1193,671362598324076544,325
426,671357843010908160,157
508,671355857343524864,119
1031,671347597085433856,476
788,671186162933985280,241
1193,671182547775299584,378
931,671166507850801152,390
1763,671163268581498880,1198
401,671159727754231808,89
769,671154572044468225,241
714,671151324042559489,166
713,671147085991960577,254
1246,671141549288370177,713
996,671138694582165504,448
796,671134062904504320,212
3729,671122204919246848,2763
1436,671115716440031232,842
1225,671109016219725825,478
1175,670995969505435648,317
7989,670842764863651840,4324
634,670840546554966016,213
1189,670838202509447168,758
474,670833812859932673,135
780,670832455012716544,242
5961,670826280409919488,4485
824,670823764196741120,205
647,670822709593571328,105
3410,670815497391357952,1708
1202,670811965569282048,295
1234,670807719151067136,546
2098,670804601705242624,1035
362,670803562457407488,95
780,670797304698376195,262
889,670792680469889025,298
700,670789397210615808,255
640,670786190031921152,218
872,670783437142401025,431
1691,670782429121134593,863
831,670780561024270336,317
345,670778058496974848,77
1154,670764103623966721,466
475,670755717859713024,123
1030,670733412878163972,558
887,670727704916926465,403
1301,670717338665226240,547
814,670704688707301377,405
632,670691627984359425,266
799,670679630144274432,315
267,670676092097810432,45
11452,670668383499735048,5537
1635,670474236058800128,835
375,670468609693655041,90
1048,670465786746662913,608
580,670452855871037440,225
1264,670449342516494336,729
7120,670444955656130560,2153
690,670442337873600512,213
1127,670435821946826752,570
1501,670434127938719744,708
345,670433248821026816,122
1484,670428280563085312,694
551,670427002554466305,179
1415,670421925039075328,709
668,670420569653809152,342
604,670417414769758208,350
2176,670411370698022913,991
600,670408998013820928,249
460,670403879788544000,173
593,670385711116361728,234
785,670374371102445568,295
344,670361874861563904,71
451,670338931251150849,122
4110,670319130621435904,1359
452,670303360680108032,151
750,670290420111441920,315
1106,670093938074779648,365
740,670086499208155136,275
2390,670079681849372674,1373
1674,670073503555706880,874
676,670069087419133954,278
822,670061506722140161,373
716,670055038660800512,357
684,670046952931721218,191
801,670040295598354432,118
625,670037189829525505,306
352,670003130994700288,100
344,669993076832759809,92
471,669972011175813120,175
317,669970042633789440,65
536,669942763794931712,183
400,669926384437997569,115
250,669923323644657664,64
858,669753178989142016,431
289,669749430875258880,71
551,669684865554620416,99
412,669683899023405056,119
375,669682095984410625,146
712,669680153564442624,311
860,669661792646373376,482
3769,669625907762618368,1963
1006,669603084620980224,401
550,669597912108789760,163
1587,669583744538451968,1017
467,669573570759163904,156
1684,669571471778410496,1085
248,669567591774625800,61
413,669564461267722241,133
383,669393256313184256,83
1425,669375718304980992,792
524,669371483794317312,196
485,669367896104181761,172
669,669363888236994561,252
390,669359674819481600,134
2889,669354382627049472,1390
687,669353438988365824,281
474,669351434509529089,207
1081,669328503091937280,452
610,669327207240699904,127
525,669324657376567296,223
958,669216679721873412,422
468,669214165781868544,183
1074,669203728096960512,522
698,669037058363662336,336
785,669015743032369152,403
610,669006782128353280,269
22118,669000397445533696,6965
468,668994913074286592,254
802,668992363537309700,381
726,668989615043424256,356
961,668988183816871936,516
578,668986018524233728,183
573,668981893510119424,340
842,668979806671884288,382
1386,668975677807423489,641
161,668967877119254528,25
757,668960084974809088,263
300,668955713004314625,77
284,668932921458302977,63
338,668902994700836864,107
422,668892474547511297,164
566,668872652652679168,322
479,668852170888998912,184
467,668826086256599040,150
610,668815180734689280,291
749,668779399630725120,409
562,668655139528511488,233
962,668645506898350081,588
939,668643542311546881,576
1145,668641109086707712,573
1114,668636665813057536,528
3024,668633411083464705,1788
763,668631377374486528,349
341,668627278264475648,123
417,668625577880875008,140
1551,668623201287675904,851
211,668620235289837568,45
654,668614819948453888,341
1760,668587383441514497,1174
265,668567822092664832,62
561,668544745690562560,250
497,668542336805281792,231
265,668537837512433665,79
496,668528771708952576,242
345,668507509523615744,116
436,668496999348633600,146
453,668484198282485761,253
491,668480044826800133,162
936,668466899341221888,560
656,668297328638447616,319
264,668291999406125056,34
535,668286279830867968,149
886,668274247790391296,248
592,668268907921326080,261
1385,668256321989451776,667
1056,668248472370458624,523
6614,668237644992782336,3100
323,668226093875376128,115
537,668221241640230912,215
586,668204964695683073,206
696,668190681446379520,210
525,668171859951755264,208
522,668154635664932864,336
592,668142349051129856,306
709,668113020489474048,265
1356,667937095915278337,866
318,667924896115245057,119
222,667915453470232577,59
523,667911425562669056,329
905,667902449697558528,396
2011,667886921285246976,1180
868,667885044254572545,530
409,667878741721415682,127
667,667873844930215936,440
3172,667866724293877760,1110
253,667861340749471744,86
303,667832474953625600,68
1111,667806454573760512,535
346,667801013445750784,101
736,667793409583771648,358
434,667782464991965184,261
243,667773195014021121,61
476,667766675769573376,243
398,667728196545200128,162
517,667724302356258817,341
6138,667549055577362432,2454
355,667546741521195010,138
917,667544320556335104,568
220,667538891197542400,72
866,667534815156183040,576
501,667530908589760512,264
1798,667524857454854144,1198
389,667517642048163840,203
7148,667509364010450944,2272
563,667502640335572993,231
565,667495797102141441,294
559,667491009379606528,242
273,667470559035432960,102
203,667455448082227200,66
327,667453023279554560,96
833,667443425659232256,620
483,667437278097252352,257
326,667435689202614272,89
489,667405339315146752,234
211,667393430834667520,60
385,667369227918143488,173
516,667211855547486208,258
658,667200525029539841,282
414,667192066997374976,115
784,667188689915760640,449
15075,667182792070062081,6618
200,667177989038297088,58
640,667176164155375616,484
262,667174963120574464,88
235,667171260800061440,97
2819,667165590075940865,1241
268,667160273090932737,66
49720,667152164079423490,18285
4851,667138269671505920,2387
346,667119796878725120,135
349,667090893657276420,132
425,667073648344346624,134
88,667070482143944705,14
175,667065535570550784,51
227,667062181243039745,57
198,667044094246576128,54
471,667012601033924608,237
258,666996132027977728,102
2679,666983947667116034,1040
857,666837028449972224,584
222,666835007768551424,83
266,666826780179869698,105
540,666817836334096384,267
250,666804364988780544,95
800,666786068205871104,521
404,666781792255496192,211
368,666776908487630848,186
244,666739327293083650,71
449,666701168228331520,234
196,666691418707132416,51
923,666649482315059201,608
238,666644823164719104,88
545,666454714377183233,223
107,666447344410484738,23
131,666437273139982337,52
170,666435652385423360,54
330,666430724426358785,204
171,666428276349472768,90
327,666421158376562688,118
129,666418789513326592,48
459,666411507551481857,339
113,666407126856765440,44
172,666396247373291520,92
194,666373753744588802,100
804,666362758909284353,595
229,666353288456101888,77
307,666345417576210432,146
204,666337882303524864,96
522,666293911632134144,368
152,666287406224695296,71
184,666273097616637952,82
108,666268910803644416,37
14765,666104133288665088,6871
81,666102155909144576,16
164,666099513787052032,73
169,666094000022159362,79
121,666082916733198337,47
335,666073100786774016,174
154,666071193221509120,67
496,666063827256086533,232
115,666058600524156928,61
304,666057090499244032,146
448,666055525042405380,261
1253,666051853826850816,879
136,666050758794694657,60
111,666049248165822465,41
311,666044226329800704,147
128,666033412701032449,47
132,666029285002620928,48
2535,666020888022790149,532
